method,p,scenT,scenY,bias,bias_mcse,emp_SE,SE_ratio,cover,cover_mcse,cover_trim,ess,ASAM,max_ASAM,max_w,mins_per_rep
gbm,20,base,base,0.013,0.001,0.01,1.3,0.91,0.029,0.85,8886,0.039,0.09,16.6,0.044
gbm,100,base,base,0.059,0.0019,0.019,1.3,0.31,0.046,0.12,7985,0.053,0.15,59,0.259
gbm,200,base,base,0.037,0.0029,0.029,1.29,0.9,0.03,0.85,7102,0.061,0.23,110,0.523
gbm,20,complex,base,-0.005,0.001,0.01,1.14,0.95,0.022,0.96,8931,0.037,0.07,29.3,0.04
gbm,100,complex,base,0.184,0.0022,0.022,1.24,0,0,0,7061,0.058,0.21,115,0.255
gbm,200,complex,base,-0.035,0.0028,0.028,1.12,0.88,0.032,0.85,7901,0.062,0.19,317,0.499
gbm,20,base,complex,0.001,0.0012,0.012,1.35,0.98,0.014,0.98,9535,0.034,0.07,11.9,0.04
gbm,100,base,complex,-0.064,0.0023,0.023,1.3,0.4,0.049,0.2,7448,0.057,0.18,88.6,0.246
gbm,200,base,complex,0.086,0.0046,0.046,1.17,0.61,0.049,0.5,7759,0.053,0.18,91.3,0.5
gbm,20,complex,complex,-0.041,0.0012,0.012,1.49,0.31,0.046,0.14,9192,0.032,0.07,15.6,0.039
gbm,100,complex,complex,-0.079,0.0034,0.034,1.25,0.47,0.05,0.33,7018,0.061,0.24,108,0.208
gbm,200,complex,complex,-0.079,0.005,0.05,1.13,0.72,0.045,0.65,7842,0.063,0.24,133,0.407
nn-1,20,base,base,0.009,0.0011,0.011,1.19,0.92,0.027,0.9,8929,0.029,0.09,9.64,0.027
nn-1,100,base,base,0.037,0.0026,0.026,0.97,0.69,0.046,0.6,7145,0.032,0.11,52.8,0.018
nn-1,200,base,base,0.007,0.0063,0.063,0.7,0.85,0.036,0.83,4978,0.041,0.16,208,0.024
nn-1,20,complex,base,-0.001,0.001,0.01,1.18,0.98,0.014,0.98,9163,0.028,0.07,10.2,0.021
nn-1,100,complex,base,0.096,0.0032,0.032,0.85,0.1,0.03,0.01,7458,0.036,0.13,59.5,0.019
nn-1,200,complex,base,-0.02,0.0046,0.046,0.77,0.85,0.036,0.83,6466,0.041,0.15,153,0.024
nn-1,20,base,complex,0.006,0.0014,0.014,1.19,0.98,0.014,0.98,9545,0.024,0.07,5.24,0.022
nn-1,100,base,complex,-0.033,0.0035,0.035,0.92,0.81,0.039,0.65,6551,0.036,0.13,104,0.025
nn-1,200,base,complex,0.044,0.0075,0.075,0.82,0.81,0.039,0.72,5851,0.036,0.14,130,0.023
nn-1,20,complex,complex,-0.097,0.0015,0.015,1.13,0,0,0,9398,0.025,0.06,9.71,0.017
nn-1,100,complex,complex,-0.045,0.0045,0.045,0.91,0.81,0.039,0.76,7647,0.037,0.14,48.4,0.024
nn-1,200,complex,complex,-0.085,0.008,0.08,0.78,0.68,0.047,0.62,6532,0.041,0.16,184,0.017
dnn-2,20,base,base,0.013,0.0011,0.011,1.18,0.84,0.037,0.83,9035,0.034,0.1,8.49,0.015
dnn-2,100,base,base,0.028,0.0029,0.029,0.89,0.76,0.043,0.66,7116,0.032,0.11,30.6,0.016
dnn-2,200,base,base,0.011,0.0058,0.058,0.78,0.85,0.036,0.88,4665,0.043,0.16,152,0.021
dnn-2,20,complex,base,-0.002,9e-4,0.009,1.31,0.97,0.017,0.97,9239,0.033,0.08,7.62,0.029
dnn-2,100,complex,base,0.088,0.0046,0.046,0.64,0.23,0.042,0.07,6753,0.039,0.15,49.3,0.025
dnn-2,200,complex,base,-0.01,0.0064,0.064,0.63,0.78,0.041,0.8,4906,0.047,0.18,119,0.022
dnn-2,20,base,complex,0.009,0.0013,0.013,1.23,0.95,0.022,0.95,9643,0.032,0.09,4.28,0.03
dnn-2,100,base,complex,-0.041,0.0036,0.036,0.91,0.69,0.046,0.65,6499,0.036,0.13,37.3,0.022
dnn-2,200,base,complex,0.047,0.006,0.06,1.07,0.93,0.026,0.86,5446,0.038,0.14,142,0.039
dnn-2,20,complex,complex,-0.104,0.0013,0.013,1.36,0,0,0,9492,0.032,0.08,6.4,0.03
dnn-2,100,complex,complex,-0.04,0.0059,0.059,0.75,0.73,0.044,0.69,6544,0.045,0.17,73.5,0.019
dnn-2,200,complex,complex,-0.086,0.0104,0.104,0.69,0.69,0.046,0.58,4836,0.049,0.18,144,0.035
dnn-3,20,base,base,0.016,0.0014,0.014,0.96,0.8,0.04,0.78,9098,0.039,0.12,9.14,0.024
dnn-3,100,base,base,0.033,0.0032,0.032,0.81,0.64,0.048,0.6,7169,0.034,0.12,25.8,0.023
dnn-3,200,base,base,0.012,0.0071,0.071,0.65,0.81,0.039,0.78,4545,0.045,0.17,90.7,0.033
dnn-3,20,complex,base,-0.002,0.001,0.01,1.19,0.98,0.014,0.98,9289,0.036,0.09,8.09,0.023
dnn-3,100,complex,base,0.093,0.0052,0.052,0.58,0.27,0.044,0.09,6144,0.044,0.15,43.8,0.021
dnn-3,200,complex,base,-0.018,0.0074,0.074,0.58,0.78,0.041,0.74,4261,0.051,0.19,91.2,0.028
dnn-3,20,base,complex,0.012,0.0013,0.013,1.21,0.95,0.022,0.95,9716,0.042,0.12,4.32,0.015
dnn-3,100,base,complex,-0.042,0.0036,0.036,0.9,0.7,0.046,0.63,6508,0.038,0.14,31,0.016
dnn-3,200,base,complex,0.053,0.0079,0.079,0.82,0.82,0.038,0.76,5415,0.039,0.15,58.4,0.018
dnn-3,20,complex,complex,-0.109,0.0015,0.015,1.15,0,0,0,9575,0.04,0.09,6.07,0.016
dnn-3,100,complex,complex,-0.039,0.0073,0.073,0.66,0.72,0.045,0.68,5320,0.051,0.18,54,0.015
dnn-3,200,complex,complex,-0.093,0.0121,0.121,0.64,0.68,0.047,0.6,4121,0.053,0.2,107,0.018
logit,20,base,base,-0,9e-4,0.009,1.52,0.99,0.01,0.99,8263,0.004,0.01,42.3,0
logit,100,base,base,-0,0.0022,0.022,1.43,1,0,0.98,5137,0.012,0.04,257,0.001
logit,200,base,base,-0.003,0.0069,0.069,0.99,0.98,0.014,1,2174,0.03,0.1,1110,0.002
logit,20,complex,base,0,9e-4,0.009,1.4,1,0,1,8707,0.003,0.01,24.6,0
logit,100,complex,base,-0.001,0.0021,0.021,1.56,1,0,0.91,5830,0.011,0.04,178,0.001
logit,200,complex,base,0.002,0.0033,0.033,1.39,1,0,1,4004,0.017,0.06,375,0.002
logit,20,base,complex,0.001,0.0012,0.012,1.36,0.99,0.01,0.99,9237,0.002,0,15.6,0
logit,100,base,complex,-0.002,0.0034,0.034,1.2,1,0,0.95,4052,0.017,0.06,403,0.001
logit,200,base,complex,-0.003,0.0079,0.079,1.06,0.98,0.014,0.96,3189,0.021,0.08,583,0.002
logit,20,complex,complex,-0.128,0.0016,0.016,1.12,0,0,0,9114,0.002,0.01,11.3,0
logit,100,complex,complex,-0.004,0.0033,0.033,1.41,1,0,1,6084,0.01,0.03,130,0.001
logit,200,complex,complex,-0.075,0.0074,0.074,1.1,0.93,0.026,0.77,3995,0.019,0.07,2320,0.002
cart,20,base,base,0.036,0.0015,0.015,0.86,0.31,0.046,0.31,9369,0.111,0.25,3.69,0.001
cart,100,base,base,0.045,0.0026,0.026,0.87,0.52,0.05,0.52,9349,0.103,0.29,4.07,0.002
cart,200,base,base,0.047,0.0044,0.044,0.73,0.64,0.048,0.64,9353,0.093,0.31,3.92,0.005
cart,20,complex,base,-0.015,0.0014,0.014,0.84,0.69,0.046,0.69,9405,0.105,0.23,5.92,0.001
cart,100,complex,base,0.27,0.0027,0.027,0.91,0,0,0,8874,0.088,0.32,9.67,0.002
cart,200,complex,base,-0.034,0.0034,0.034,0.87,0.76,0.043,0.76,9364,0.085,0.26,6.42,0.005
cart,20,base,complex,0.014,0.0022,0.022,0.74,0.76,0.043,0.76,9728,0.085,0.18,3.29,0.001
cart,100,base,complex,-0.082,0.0029,0.029,0.96,0.14,0.035,0.14,9161,0.106,0.33,4.41,0.002
cart,200,base,complex,0.129,0.0049,0.049,1,0.25,0.043,0.25,9522,0.083,0.26,4.26,0.005
cart,20,complex,complex,-0.09,0.0041,0.041,0.42,0.06,0.024,0.06,9524,0.084,0.2,11.2,0
cart,100,complex,complex,-0.134,0.0049,0.049,0.76,0.11,0.031,0.11,9070,0.091,0.32,5.64,0.002
cart,200,complex,complex,-0.018,0.0056,0.056,0.95,0.92,0.027,0.91,9112,0.083,0.26,5.34,0.005
bag,20,base,base,-1.691,0.0431,0.431,0.51,0.01,0.01,0,61,0.908,2.31,1000000,0.011
bag,100,base,base,-0.907,0.0402,0.402,0.83,0.28,0.045,0,29,0.458,1.52,1000000,0.046
bag,200,base,base,-0.228,0.0377,0.377,0.94,0.9,0.03,0.71,68,0.277,1.03,1000000,0.111
bag,20,complex,base,-1.217,0.0374,0.374,0.56,0.02,0.014,0,8,0.791,1.94,1000000,0.011
bag,100,complex,base,-1.012,0.0279,0.279,0.97,0.03,0.017,0.04,56,0.303,1.14,1000000,0.043
bag,200,complex,base,-0.086,0.0271,0.271,1.13,0.95,0.022,0.85,78,0.215,0.78,1000000,0.104
bag,20,base,complex,-1.065,0.0815,0.815,0.08,0.02,0.014,0,2064,0.613,1.4,1000000,0.011
bag,100,base,complex,0.085,0.0344,0.344,1.04,0.95,0.022,0,41,0.397,1.43,1000000,0.046
bag,200,base,complex,-0.418,0.0631,0.631,0.91,0.84,0.037,0.85,57,0.296,1.07,1000000,0.107
bag,20,complex,complex,-0.238,0.0887,0.887,0.53,0.59,0.049,0,127,0.887,2.24,1000000,0.011
bag,100,complex,complex,0.029,0.0431,0.431,0.94,0.93,0.026,0.76,64,0.254,0.93,1000000,0.046
bag,200,complex,complex,0.125,0.0555,0.555,0.97,0.92,0.027,0.95,77,0.206,0.76,1000000,0.108
forest,20,base,base,0.011,9e-4,0.009,1.41,0.98,0.014,0.91,8914,0.046,0.11,25,0.006
forest,100,base,base,0.099,0.0016,0.016,1.39,0,0,0,9476,0.082,0.24,9.4,0.021
forest,200,base,base,0.061,0.0026,0.026,1.22,0.57,0.05,0.57,9690,0.081,0.31,6.92,0.038
forest,20,complex,base,-0.006,0.001,0.01,1.2,0.96,0.02,0.95,8988,0.042,0.09,23.3,0.005
forest,100,complex,base,0.233,0.0016,0.016,1.47,0,0,0,9407,0.073,0.25,12.9,0.019
forest,200,complex,base,-0.044,0.0023,0.023,1.27,0.69,0.046,0.7,9750,0.074,0.21,5.39,0.038
forest,20,base,complex,0.003,0.001,0.01,1.64,1,0,1,9422,0.032,0.07,10.8,0.006
forest,100,base,complex,-0.111,0.0022,0.022,1.23,0,0,0,9392,0.084,0.27,20.9,0.022
forest,200,base,complex,0.134,0.0047,0.047,1.02,0.2,0.04,0.2,9744,0.073,0.23,5.57,0.042
forest,20,complex,complex,-0.047,0.001,0.01,1.68,0.12,0.032,0.07,9116,0.034,0.08,22.9,0.005
forest,100,complex,complex,-0.118,0.0027,0.027,1.34,0.07,0.026,0.07,9471,0.073,0.24,10.7,0.021
forest,200,complex,complex,-0.065,0.0046,0.046,1.11,0.75,0.043,0.75,9701,0.073,0.26,6.06,0.042
bart,20,base,base,0.007,0.001,0.01,1.43,0.99,0.01,0.98,8562,0.017,0.04,24.2,0.011
bart,100,base,base,0.026,0.0016,0.016,1.58,0.97,0.017,0.75,6909,0.034,0.09,269,0.012
bart,200,base,base,0.042,0.0025,0.025,1.5,0.9,0.03,0.91,6695,0.048,0.16,162,0.013
bart,20,complex,base,-0.006,0.001,0.01,1.26,0.97,0.017,0.94,8528,0.015,0.03,52.6,0.011
bart,100,complex,base,0.111,0.0022,0.022,1.43,0.04,0.02,0,5825,0.038,0.11,227,0.012
bart,200,complex,base,-0.037,0.0022,0.022,1.55,0.91,0.029,0.9,6895,0.049,0.14,272,0.014
bart,20,base,complex,0.001,0.0011,0.011,1.56,0.99,0.01,0.99,9370,0.012,0.04,9.13,0.011
bart,100,base,complex,-0.039,0.0027,0.027,1.26,0.84,0.037,0.56,6022,0.037,0.11,177,0.012
bart,200,base,complex,0.033,0.0038,0.038,1.47,0.98,0.014,0.94,7258,0.04,0.12,264,0.013
bart,20,complex,complex,-0.041,0.001,0.01,1.73,0.26,0.044,0.12,8914,0.012,0.03,39.7,0.01
bart,100,complex,complex,-0.065,0.004,0.04,1.2,0.73,0.044,0.6,5422,0.045,0.16,726,0.011
bart,200,complex,complex,-0.075,0.0049,0.049,1.29,0.83,0.038,0.79,6461,0.049,0.17,758,0.012
sl,20,base,base,0.002,8e-4,0.008,1.78,0.99,0.01,0.99,8355,0.006,0.01,27.5,0.037
sl,100,base,base,0.005,0.0019,0.019,1.55,0.99,0.01,0.98,5690,0.012,0.04,144,0.119
sl,200,base,base,0.008,0.0044,0.044,1.27,0.98,0.014,0.99,3211,0.022,0.08,887,0.206
sl,20,complex,base,-0.003,9e-4,0.009,1.38,1,0,1,8747,0.015,0.03,20.4,0.039
sl,100,complex,base,0.039,0.0015,0.015,2.04,0.92,0.027,0.33,5981,0.018,0.06,51.4,0.109
sl,200,complex,base,-0.032,0.0044,0.044,1.21,0.96,0.02,0.96,3401,0.024,0.09,514,0.217
sl,20,base,complex,0.002,0.001,0.01,1.58,1,0,1,9285,0.004,0.01,11,0.04
sl,100,base,complex,-0.01,0.0031,0.031,1.25,0.98,0.014,0.93,4826,0.015,0.05,161,0.117
sl,200,base,complex,0.011,0.0066,0.066,1.09,0.98,0.014,0.97,4557,0.016,0.06,243,0.207
sl,20,complex,complex,-0.068,0.0012,0.012,1.43,0,0,0,9120,0.017,0.04,18.6,0.039
sl,100,complex,complex,-0.042,0.0029,0.029,1.7,0.97,0.017,0.96,5257,0.022,0.07,80.1,0.116
sl,200,complex,complex,-0.01,0.0083,0.083,1.04,0.98,0.014,0.99,3532,0.025,0.09,523,0.205
